{
  "method": "v6",
  "speedup": 3.6666666666666665,
  "exit_rate": 1.0,
  "high_risk_rate": 0.25,
  "v6_thresholds": {
    "6": 2.31685643196106,
    "7": 1.9898471713066104,
    "12": 2.318695402145386,
    "14": 2.038058638572693,
    "18": 2.3160242795944215,
    "21": 2.0842607975006104
  },
  "v7_tau": null,
  "v7_consecutive_k": null,
  "v7_min_layer_ratio": null
}